﻿<?xml version="1.0" encoding="utf-8"?>
<publishData>
  <publishProfile publishUrl="C:\deploy\FRB" deleteExistingFiles="True" ftpAnonymousLogin="False" ftpPassiveMode="True" msdeploySite="" msdeploySiteID="" msdeployRemoteSitePhysicalPath="" msdeployAllowUntrustedCertificate="False" msdeploySkipExtraFilesOnServer="True" msdeployMarkAsApp="False" profileName="Profile1" publishMethod="FileSystem" replaceMatchingFiles="False" userName="" savePWD="False" userPWD="" SelectedForPublish="True">
    <file relUrl="bin/FRB.dll" publishTime="10/01/2013 09:03:38" />
    <file relUrl="scripts/jquery.jscrollpane.js" publishTime="07/04/2011 08:35:06" />
    <file relUrl="images/people/testimonial_02.jpg" publishTime="11/08/2011 13:26:51" />
    <file relUrl="images/aboutlibg.gif" publishTime="09/17/2011 03:01:50" />
    <file relUrl="images/slider-01.jpg" publishTime="09/14/2011 10:24:29" />
    <file relUrl="images/sliders/mathers_01.jpg" publishTime="11/07/2011 11:47:08" />
    <file relUrl="brands/jag.html" publishTime="09/25/2013 12:42:43" />
    <file relUrl="fancybox/fancy_title_over.png" publishTime="09/14/2011 10:24:00" />
    <file relUrl="images/tabmenuli3act.jpg" publishTime="09/17/2011 03:02:04" />
    <file relUrl="Web.config" publishTime="10/01/2013 09:04:08" />
    <file relUrl="images/tabmenuli2.jpg" publishTime="09/17/2011 03:02:02" />
    <file relUrl="images/pause.png" publishTime="06/18/2011 09:32:42" />
    <file relUrl="css/red.css" publishTime="09/14/2011 10:23:36" />
    <file relUrl="images/sliders/contact_jag.jpg" publishTime="11/09/2011 10:13:11" />
    <file relUrl="js/cufon-yui.js" publishTime="09/14/2011 10:24:38" />
    <file relUrl="community/community.html" publishTime="09/25/2013 12:42:43" />
    <file relUrl="images/sliders/diana-ferrari_03.jpg" publishTime="11/08/2011 11:11:41" />
    <file relUrl="images/sliders/press_02.jpg" publishTime="09/25/2013 12:40:30" />
    <file relUrl="images/community/act-for-kids.jpg" publishTime="11/08/2011 14:11:02" />
    <file relUrl="images/brands-nav_06.gif" publishTime="09/25/2013 10:28:22" />
    <file relUrl="images/content-slider-04.jpg" publishTime="09/16/2011 13:31:43" />
    <file relUrl="scripts/jquery.mousewheel.js" publishTime="07/04/2011 08:35:06" />
    <file relUrl="images/gobg.jpg" publishTime="09/17/2011 03:01:54" />
    <file relUrl="brands/diana-ferrari.html" publishTime="09/25/2013 12:42:43" />
    <file relUrl="images/sliderimg_06.jpg" publishTime="11/07/2011 11:47:33" />
    <file relUrl="images/sliders/diana-ferrari_02.jpg" publishTime="12/02/2011 10:39:55" />
    <file relUrl="fancybox/fancybox-x.png" publishTime="09/14/2011 10:24:00" />
    <file relUrl="images/sliderimg_01.jpg" publishTime="11/07/2011 11:46:10" />
    <file relUrl="images/contimg3.jpg" publishTime="11/09/2011 09:54:27" />
    <file relUrl="images/tabmenuli1.jpg" publishTime="09/17/2011 03:02:02" />
    <file relUrl="images/li2selectbg.jpg" publishTime="09/17/2011 03:01:56" />
    <file relUrl="images/tabmenuliact.jpg" publishTime="09/17/2011 03:02:08" />
    <file relUrl="images/content-slider-03.jpg" publishTime="09/16/2011 13:31:27" />
    <file relUrl="images/inner1bnr.jpg" publishTime="09/17/2011 03:01:56" />
    <file relUrl="images/sliders/jag_02.jpg" publishTime="12/01/2011 11:17:57" />
    <file relUrl="fancybox/fancy_close.png" publishTime="09/14/2011 10:24:00" />
    <file relUrl="images/nav-df.gif" publishTime="09/14/2011 10:24:29" />
    <file relUrl="images/nav-colorado.gif" publishTime="09/14/2011 10:24:29" />
    <file relUrl="css/forms.css" publishTime="11/09/2011 11:22:27" />
    <file relUrl="contact/sendmail.asp" publishTime="09/23/2013 10:20:19" />
    <file relUrl="images/brands-nav_01.gif" publishTime="09/25/2013 10:27:30" />
    <file relUrl="fancybox/fancy_nav_left.png" publishTime="09/14/2011 10:24:00" />
    <file relUrl="fancybox/fancy_loading.png" publishTime="09/14/2011 10:24:00" />
    <file relUrl="index.html" publishTime="09/25/2013 12:42:43" />
    <file relUrl="images/sliderimg_04.jpg" publishTime="11/07/2011 11:47:08" />
    <file relUrl="fancybox/fancy_nav_right.png" publishTime="09/14/2011 10:24:00" />
    <file relUrl="careers/testimonials.html" publishTime="09/25/2013 12:42:43" />
    <file relUrl="images/contimg1.jpg" publishTime="09/17/2011 03:01:52" />
    <file relUrl="images/aboutnav.gif" publishTime="09/17/2011 03:01:52" />
    <file relUrl="fancybox/blank.gif" publishTime="09/14/2011 10:24:00" />
    <file relUrl="images/pattern-bg.jpg" publishTime="09/14/2011 10:24:29" />
    <file relUrl="images/slider-05.jpg" publishTime="09/14/2011 10:24:29" />
    <file relUrl="fancybox/fancy_shadow_e.png" publishTime="09/14/2011 10:24:00" />
    <file relUrl="fancybox/fancy_shadow_n.png" publishTime="09/14/2011 10:24:00" />
    <file relUrl="images/people/testimonial_04.jpg" publishTime="11/08/2011 13:44:00" />
    <file relUrl="scripts/jquery.nivo.slider.pack.js" publishTime="06/22/2011 13:01:20" />
    <file relUrl="fancybox/fancy_shadow_se.png" publishTime="09/14/2011 10:24:00" />
    <file relUrl="images/tabmenuli4act.jpg" publishTime="09/17/2011 03:02:06" />
    <file relUrl="scripts/jquery.faded.js" publishTime="09/17/2011 03:02:10" />
    <file relUrl="images/sliders/contact_02.jpg" publishTime="11/09/2011 10:16:01" />
    <file relUrl="scripts/jquery.jscrollpane.min.js" publishTime="07/04/2011 08:35:06" />
    <file relUrl="bin/FRB.XmlSerializers.dll" publishTime="10/01/2013 09:03:54" />
    <file relUrl="csshover3.htc" publishTime="09/17/2011 03:02:16" />
    <file relUrl="images/sliderimg_05.jpg" publishTime="11/07/2011 11:47:20" />
    <file relUrl="group-functions/group-functions.html" publishTime="09/25/2013 12:42:43" />
    <file relUrl="images/sliderimg5.jpg" publishTime="09/17/2011 03:02:04" />
    <file relUrl="images/tabmenuli5.jpg" publishTime="09/17/2011 03:02:06" />
    <file relUrl="termsandconditions.html" publishTime="09/16/2011 16:27:47" />
    <file relUrl="brands/colorado.html" publishTime="09/25/2013 12:42:43" />
    <file relUrl="images/logo.png" publishTime="09/14/2011 10:24:29" />
    <file relUrl="images/tabmenuli5act.jpg" publishTime="09/17/2011 03:02:08" />
    <file relUrl="js/jquery.nivo.slider.pack.js" publishTime="09/14/2011 10:24:38" />
    <file relUrl="images/people/testimonial_01.jpg" publishTime="11/08/2011 13:25:50" />
    <file relUrl="images/read-more-button.png" publishTime="11/30/2011 13:16:44" />
    <file relUrl="images/image-not-found.jpg" publishTime="06/18/2011 09:32:42" />
    <file relUrl="fancybox/jquery.fancybox-1.3.4.css" publishTime="09/14/2011 10:24:00" />
    <file relUrl="fancybox/fancy_shadow_s.png" publishTime="09/14/2011 10:24:00" />
    <file relUrl="images/sliders/community_01.jpg" publishTime="11/09/2011 11:09:25" />
    <file relUrl="images/sliders/careers_01.jpg" publishTime="11/08/2011 13:52:12" />
    <file relUrl="fancybox/fancybox-y.png" publishTime="09/14/2011 10:24:00" />
    <file relUrl="media/press-releases.html" publishTime="09/25/2013 12:42:43" />
    <file relUrl="images/sliders/diana-ferrari_01.jpg" publishTime="12/01/2011 11:19:06" />
    <file relUrl="images/logo.jpg" publishTime="09/17/2011 03:01:58" />
    <file relUrl="images/undertow.jpg" publishTime="09/23/2013 10:07:47" />
    <file relUrl="fusionservice/FusionService.aspx" publishTime="09/24/2013 11:53:55" />
    <file relUrl="TemplateResources/inner1.html" publishTime="09/25/2013 10:54:49" />
    <file relUrl="css/nivo-slider.css" publishTime="09/14/2011 10:23:36" />
    <file relUrl="images/slider-03.jpg" publishTime="09/14/2011 10:24:29" />
    <file relUrl="images/content-slider-05.jpg" publishTime="09/16/2011 13:31:57" />
    <file relUrl="images/slider-04.jpg" publishTime="09/14/2011 10:24:29" />
    <file relUrl="bin/FRB.pdb" publishTime="10/01/2013 09:03:38" />
    <file relUrl="media/image-gallery.html" publishTime="09/25/2013 12:42:43" />
    <file relUrl="images/people/testimonial_03.jpg" publishTime="11/08/2011 13:28:09" />
    <file relUrl="css/jquery.peepshow.min.css" publishTime="11/08/2011 15:22:41" />
    <file relUrl="favicon.ico" publishTime="09/02/2011 11:15:52" />
    <file relUrl="images/sliders/contact_01.jpg" publishTime="09/25/2013 12:00:38" />
    <file relUrl="images/watch-now-button.png" publishTime="11/30/2011 13:14:03" />
    <file relUrl="images/sliders/retail-operations_01.jpg" publishTime="11/09/2011 10:22:41" />
    <file relUrl="contact/contact-us.html" publishTime="10/01/2013 09:02:42" />
    <file relUrl="scripts/jquery-1.4.2.min.js" publishTime="09/17/2011 03:02:10" />
    <file relUrl="images/sliderimg4.jpg" publishTime="09/17/2011 03:02:02" />
    <file relUrl="js/form.js" publishTime="09/14/2011 10:24:38" />
    <file relUrl="media/key-contacts.html" publishTime="09/25/2013 12:42:43" />
    <file relUrl="images/loader.gif" publishTime="06/19/2011 13:56:28" />
    <file relUrl="images/brands-nav_04.gif" publishTime="09/25/2013 10:28:00" />
    <file relUrl="images/brands-nav_05.gif" publishTime="09/25/2013 10:28:12" />
    <file relUrl="images/fusion-card.png" publishTime="09/14/2011 10:24:29" />
    <file relUrl="fancybox/fancy_title_main.png" publishTime="09/14/2011 10:24:00" />
    <file relUrl="TemplateResources/index.html" publishTime="09/25/2013 08:45:46" />
    <file relUrl="privacy-policy.html" publishTime="09/25/2013 12:42:42" />
    <file relUrl="images/wrapbg.jpg" publishTime="10/13/2011 17:14:04" />
    <file relUrl="scripts/mwheelIntent.js" publishTime="07/04/2011 08:35:06" />
    <file relUrl="images/people/testimonial_05.jpg" publishTime="11/09/2011 11:33:57" />
    <file relUrl="images/sliderimg_03.jpg" publishTime="11/07/2011 11:46:53" />
    <file relUrl="css/jquery.jscrollpane.css" publishTime="11/09/2011 11:00:04" />
    <file relUrl="images/tabmenuli3.jpg" publishTime="09/17/2011 03:02:04" />
    <file relUrl="masterpages/FRBMain.Master" publishTime="09/16/2011 16:34:40" />
    <file relUrl="fancybox/fancy_shadow_ne.png" publishTime="09/14/2011 10:24:00" />
    <file relUrl="fancybox/fancy_shadow_w.png" publishTime="09/14/2011 10:24:00" />
    <file relUrl="emailtemplates/ContactUs.htm" publishTime="09/15/2011 11:06:07" />
    <file relUrl="images/sliderimg3.jpg" publishTime="09/17/2011 03:02:00" />
    <file relUrl="terms-conditions.html" publishTime="09/25/2013 12:42:42" />
    <file relUrl="images/nav-jag.gif" publishTime="09/14/2011 10:24:29" />
    <file relUrl="images/content-slider-01.jpg" publishTime="09/16/2011 13:30:49" />
    <file relUrl="images/slider-02.jpg" publishTime="09/14/2011 10:24:29" />
    <file relUrl="images/large-1.jpg" publishTime="09/14/2011 10:24:29" />
    <file relUrl="FRB.Publish.xml" publishTime="09/25/2013 12:47:39" />
    <file relUrl="careers/benefits.html" publishTime="09/25/2013 12:42:43" />
    <file relUrl="images/brands-nav_02.gif" publishTime="09/25/2013 10:27:40" />
    <file relUrl="images/content-bg.jpg" publishTime="09/16/2011 13:29:52" />
    <file relUrl="images/brands-nav_03.gif" publishTime="09/25/2013 10:27:50" />
    <file relUrl="values/values.html" publishTime="09/25/2013 12:42:42" />
    <file relUrl="images/community/white-lion.jpg" publishTime="11/08/2011 14:12:43" />
    <file relUrl="fancybox/fancy_title_right.png" publishTime="09/14/2011 10:24:00" />
    <file relUrl="js/jquery.fancybox-1.3.4.js" publishTime="09/14/2011 10:24:38" />
    <file relUrl="images/tabmenuli4.jpg" publishTime="09/17/2011 03:02:06" />
    <file relUrl="js/jquery-1.6.2.min.js" publishTime="09/14/2011 10:24:38" />
    <file relUrl="fancybox/fancybox.png" publishTime="09/14/2011 10:24:00" />
    <file relUrl="scripts/jquery.peepshow.min.js" publishTime="07/17/2011 11:15:36" />
    <file relUrl="images/nav-mathers.gif" publishTime="09/14/2011 10:24:29" />
    <file relUrl="about-us/about-us.html" publishTime="09/25/2013 12:42:43" />
    <file relUrl="images/sliders/williams_01.jpg" publishTime="11/07/2011 11:47:20" />
    <file relUrl="brands/mathers.html" publishTime="09/25/2013 12:42:43" />
    <file relUrl="images/people/testimonial_06.jpg" publishTime="11/09/2011 11:36:37" />
    <file relUrl="images/content-slider-02.jpg" publishTime="09/16/2011 13:31:11" />
    <file relUrl="images/li2bg.jpg" publishTime="09/17/2011 03:01:56" />
    <file relUrl="fancybox/fancy_shadow_nw.png" publishTime="09/14/2011 10:24:00" />
    <file relUrl="brands/williams.html" publishTime="09/25/2013 12:42:43" />
    <file relUrl="images/header-border.png" publishTime="09/14/2011 10:24:29" />
    <file relUrl="images/play.png" publishTime="06/18/2011 09:32:42" />
    <file relUrl="css/slideshow.css" publishTime="11/07/2011 11:49:13" />
    <file relUrl="privacypolicy.html" publishTime="09/25/2013 10:54:11" />
    <file relUrl="bin/FRB.xml" publishTime="10/01/2013 09:03:38" />
    <file relUrl="images/loginformbg.jpg" publishTime="09/17/2011 03:01:58" />
    <file relUrl="scripts/styles.js" publishTime="09/17/2011 03:02:14" />
    <file relUrl="images/sliderimg2.jpg" publishTime="09/17/2011 03:02:00" />
    <file relUrl="images/sliders/press_01.jpg" publishTime="11/09/2011 10:53:27" />
    <file relUrl="contactus.aspx" publishTime="09/15/2011 13:01:53" />
    <file relUrl="scripts/jquery.cycle.js" publishTime="11/07/2011 12:06:08" />
    <file relUrl="fancybox/fancy_title_left.png" publishTime="09/14/2011 10:24:00" />
    <file relUrl="images/sliders/jag_press_02.jpg" publishTime="11/09/2011 10:55:45" />
    <file relUrl="images/join-now-button.png" publishTime="11/30/2011 13:18:02" />
    <file relUrl="images/nav-williams.gif" publishTime="09/14/2011 10:24:29" />
    <file relUrl="css/style.css" publishTime="09/25/2013 11:45:37" />
    <file relUrl="js/Uni_Sans_Regular_400.font.js" publishTime="09/14/2011 10:24:38" />
    <file relUrl="images/tabmenuli2act.jpg" publishTime="09/17/2011 03:02:04" />
    <file relUrl="images/sliderimg_02.jpg" publishTime="11/07/2011 11:46:41" />
    <file relUrl="scripts/script.js" publishTime="09/17/2011 03:02:14" />
    <file relUrl="images/sliderimg1.jpg" publishTime="09/17/2011 03:02:00" />
    <file relUrl="images/sliders/jag_01.jpg" publishTime="10/13/2011 17:20:06" />
    <file relUrl="images/sliders/colorado_01.jpg" publishTime="09/17/2011 03:02:04" />
    <file relUrl="images/contimg2.jpg" publishTime="11/07/2011 12:42:49" />
    <file relUrl="fancybox/fancy_shadow_sw.png" publishTime="09/14/2011 10:24:00" />
  </publishProfile>
</publishData>